Symbol,P/E FWD,EPS Estimate,EPS Actual,Sector,Quant Rating,Revenue 5Y,Price,Market Cap,Shares Outstanding,Total Debt,Last Price Vs. 200D SMA,EPS YoY,Last Quarter Announce Date,Last Price Vs. 10D SMA,Change %,Upcoming Announce Date,EPS Revision Grade
A,19.55,1.26428,1.31,Health Care,2.69,4.53%,111.28,30942198000,285102720,3540000000,-17.31%,4.31%,2/26/2025,-3.33%,2.53%,5/28/2025,C
AA,7.81,0.82762,2.15,Materials,2.95,4.64%,28.26,7267387400,258902300,2693000000,-19.84%,NM,4/16/2025,-2.18%,0.68%,7/16/2025,C+
AAL,11.81,0.77528,-0.59,Industrials,3.14,4.40%,11.655,7379943000,659512300,36600000000,-14.58%,35.09%,4/24/2025,-4.17%,4.16%,7/23/2025,D
AAPL,27.16,1.42517,1.65,Information Technology,3.3,8.36%,200.37,2.92E+12,14935826000,98186000000,-13.57%,-0.31%,5/1/2025,-5.81%,2.61%,7/31/2025,C-
ABBV,14.96,3.18303,2.46,Health Care,3.27,10.99%,185.69,3.24E+11,1766403100,70024000000,-3.16%,-30.38%,4/25/2025,-0.37%,1.33%,7/25/2025,C
ABNB,29.96,0.92843,0.24,Consumer Discretionary,2.97,18.23%,129.57,78213200000,617212740,2280000000,-1.92%,-47.08%,5/1/2025,-5.09%,2.25%,8/1/2025,C+
ABT,25.48,1.24793,1.09,Health Care,3.28,5.70%,133.15,2.28E+11,1739836400,13290000000,8.12%,139.92%,4/16/2025,-0.86%,1.41%,7/16/2025,C
ACN,24.31,3.30872,2.82,Information Technology,3.14,8.52%,315.23,1.94E+11,626025860,8060330000,-9.57%,9.77%,3/20/2025,-2.93%,1.83%,6/20/2025,C
ADBE,20.02,4.96992,5.08,Information Technology,3.77,13.58%,412.99,1.74E+11,426200000,6563000000,-11.82%,44.73%,3/12/2025,-0.30%,1.30%,6/12/2025,C
ADI,28.42,1.93261,1.85,Information Technology,4.55,12.11%,217.07,1.04E+11,496248200,7219018000,-2.28%,-13.93%,5/22/2025,-5.39%,3.14%,8/20/2025,A-
ADM,12.44,0.80126,0.7,Consumer Staples,2.98,5.45%,48.47,23032775000,480450020,12423000000,-8.20%,-50.84%,5/6/2025,-2.83%,1.11%,7/22/2025,C
ADP,32.18,2.22508,3.06,Industrials,3.34,6.58%,325.34,1.30E+11,405922750,4366700000,9.18%,9.27%,4/30/2025,1.18%,1.32%,-,A-
ADSK,30.63,2.45046,2.29,Information Technology,3.38,13.13%,300.61,63188517000,213944530,2544000000,5.22%,1.35%,5/22/2025,-0.04%,1.78%,8/19/2025,B+
AKAM,12.08,1.54377,1.7,Information Technology,3.06,6.37%,77.89,11088292000,146206370,4618776000,-17.49%,-25.97%,5/8/2025,-2.08%,2.70%,8/5/2025,B-
ALB,NM,-0.63733,-0.18,Materials,1.63,7.82%,58.74,6778445300,117660910,3673838000,-31.14%,NM,4/30/2025,-3.27%,1.96%,7/30/2025,C+
ALGN,16.58,2.56976,2.13,Health Care,3.22,10.57%,178.02,12380411000,72484840,118535000,-17.82%,-9.32%,4/30/2025,-6.40%,4.23%,7/30/2025,A-
ALK,13.94,1.54052,-0.77,Industrials,2.93,8.16%,52.38,6155814000,121392504,6276000000,-3.98%,48.41%,4/23/2025,-3.55%,3.29%,-,D+
ALL,11.33,3.19267,3.53,Financials,4.56,8.44%,207.14,53821510000,264817500,8087000000,5.17%,216.18%,4/30/2025,-0.82%,1.92%,7/30/2025,B-
AMAT,16.61,2.35461,2.39,Information Technology,3.21,12.72%,161.83,1.26E+11,802498240,6670000000,-9.45%,-5.53%,5/15/2025,-5.54%,2.74%,8/15/2025,B
AMD,27.67,0.58278,0.96,Information Technology,3.07,30.81%,114.74,1.79E+11,1621404200,4731000000,-12.80%,99.41%,5/6/2025,-2.53%,4.02%,7/29/2025,D+
AMGN,13.04,5.23117,4.9,Health Care,3.28,7.32%,279.21,1.46E+11,537706100,57381000000,-9.19%,56.16%,5/1/2025,-0.03%,2.78%,8/4/2025,B
AMKR,16.72,0.15973,0.09,Information Technology,1.76,7.80%,18.73,4513718300,247056290,1402819000,-26.46%,-15.74%,4/28/2025,-5.72%,2.52%,7/28/2025,F
AMT,34.25,1.64359,1.04,Real Estate,2.81,5.57%,214.35,99179766000,468138240,44383600000,0.98%,41.08%,4/29/2025,0.51%,1.18%,7/25/2025,C+
AMZN,32.4,1.30692,1.59,Consumer Discretionary,4.79,17.03%,205.32,2.13E+12,10616353000,1.58E+11,0.20%,72.24%,5/1/2025,-2.26%,2.15%,7/31/2025,C+
AN,9.8,4.52861,4.68,Consumer Discretionary,3.21,5.11%,185.27,6869524500,37701136,9032100000,5.12%,-20.31%,4/25/2025,-2.59%,1.68%,7/24/2025,B+
ANET,35.74,0.64843,0.65,Information Technology,3.26,26.04%,92.48,1.15E+11,1255921400,0,-4.64%,31.30%,5/6/2025,-3.88%,1.40%,7/31/2025,B
APD,22.48,2.97773,2.69,Materials,2.74,6.01%,274.22,60051330000,222544210,16532400000,-9.38%,-37.22%,5/1/2025,-1.39%,1.62%,7/30/2025,D-
APO,16.82,1.8702,1.85,Financials,2.89,104.95%,133.14,74791450000,571494200,29268000000,-8.67%,-35.61%,5/2/2025,-6.18%,1.73%,8/1/2025,D-
ARM,70.83,0.35173,0.55,Information Technology,2.77,-,134.6,1.34E+11,1057000000,346000000,-4.74%,158.62%,5/7/2025,-2.47%,5.83%,7/30/2025,D+
ASML,27.37,5.90229638,6.8344914,Information Technology,3.15,20.62%,755.67,2.93E+11,393283700,3984628700,-0.90%,22.60%,4/16/2025,-2.30%,3.16%,7/18/2025,C
AVGO,34.48,1.56915,1.6,Information Technology,3.48,19.19%,235.01,1.08E+12,4701949000,66579000000,20.31%,-18.54%,3/6/2025,-0.50%,2.75%,6/5/2025,B+
AXP,18.69,3.84562,3.64,Financials,3.26,10.24%,293.42,2.00E+11,700588860,53153000000,1.80%,17.98%,4/17/2025,-3.46%,2.87%,7/14/2025,C
BA,NM,-0.90402,-0.49,Industrials,3.29,-0.32%,201.54,1.53E+11,754005500,55878000000,21.06%,NM,4/23/2025,-0.83%,-0.41%,7/30/2025,C+
BABA,12.23,2.371680234,1.737127634,Consumer Discretionary,4.75,14.35%,119.74,2.74E+11,2270257000,34208047000,16.32%,71.52%,5/15/2025,-4.15%,-0.82%,8/7/2025,B-
BAC,11.88,0.89068,0.9,Financials,4.39,3.62%,44.17,3.25E+11,7531876400,7.74E+11,1.52%,15.72%,4/15/2025,-1.97%,2.25%,7/16/2025,C
BBY,11.3,1.09294,2.58,Consumer Discretionary,2.91,-0.99%,71.9,14801053000,211685540,4067000000,-17.10%,-24.65%,3/4/2025,-2.99%,2.83%,-,C-
BG,10.08,1.21972,1.81,Consumer Staples,3.04,4.92%,78.96,10497028000,134404980,7661000000,-6.95%,-37.15%,5/7/2025,-2.54%,1.10%,7/30/2025,B-
BIDU,8.81,2.239159535,2.574141953,Communication Services,3.13,4.84%,84.09,28811438000,343770880,14057081000,-6.02%,34.31%,5/21/2025,-5.34%,0.33%,8/22/2025,C
BIIB,8.48,4.06889,3.02,Health Care,2.76,-7.41%,128.37,18434666000,146527840,6621200000,-20.40%,26.39%,5/1/2025,0.16%,2.03%,7/31/2025,F
BK,13.14,1.7456,1.58,Financials,3.14,2.63%,90.22,63738040000,715434300,72581000000,13.70%,53.41%,4/11/2025,0.10%,1.27%,7/15/2025,D+
BKNG,24.66,49.8344,24.81,Consumer Discretionary,3.19,10.66%,5447.86,1.74E+11,32540338,16761000000,15.17%,20.24%,4/29/2025,0.84%,2.16%,7/31/2025,C
BKR,15.35,0.55529,0.51,Energy,2.97,3.32%,37.12,36400153000,990749950,6024000000,-8.23%,63.81%,4/22/2025,-1.87%,1.03%,7/21/2025,C
BLK,21.41,10.51035,11.3,Financials,3.02,7.05%,979.31,1.49E+11,154926180,14259000000,0.13%,4.56%,4/11/2025,-1.26%,1.67%,-,F
BTU,18.63,-0.055,0.3307,Energy,2.87,-0.14%,14.46,1691456000,121600000,402100000,-28.85%,-24.89%,5/6/2025,-2.82%,3.95%,8/7/2025,B-
BX,27.97,1.0852,1.09,Financials,2.83,46.55%,139.43,1.66E+11,773038900,14521400000,-13.46%,16.59%,4/17/2025,-5.45%,2.43%,-,D+
C,9.9,1.73031,1.9892,Financials,3.13,2.40%,75.48,1.37E+11,1867733600,8.01E+11,6.10%,85.23%,4/15/2025,-2.47%,3.27%,7/15/2025,C-
CAG,9.53,0.61,0.51,Consumer Staples,2.87,2.49%,22.865,10692919000,477362460,8145100000,-18.41%,-65.85%,4/3/2025,-1.59%,2.08%,7/11/2025,C
CAT,18.35,4.95413,4.25,Industrials,3.06,4.42%,351.83,1.62E+11,470314980,38588000000,-3.98%,-7.36%,4/30/2025,-1.36%,2.46%,8/6/2025,F
CB,13.36,5.96624,3.68,Financials,3.4,10.64%,290.15,1.15E+11,400237470,21137000000,1.33%,-7.71%,4/22/2025,-1.10%,1.42%,7/22/2025,B
CBOE,24.27,2.4173,2.5,Financials,3.4,9.00%,231.33,24249516000,104713340,1603600000,10.59%,2.12%,5/2/2025,3.67%,-0.11%,8/1/2025,A-
CCI,80.51,0.48238,-1.0597,Real Estate,1.23,2.44%,100.9,43615556000,435458800,29675000000,-2.29%,NM,4/30/2025,-0.60%,0.74%,7/16/2025,D-
CCL,11.96,0.23425,0.13,Consumer Discretionary,4.78,3.96%,23.49,28881680000,1312208800,28395000000,3.48%,377.81%,3/21/2025,-2.09%,5.57%,-,A
CDNS,46.65,1.57783,1.57,Information Technology,3.34,15.44%,322.38,86147480000,273042000,2477159000,11.95%,2.60%,4/28/2025,-0.80%,2.18%,-,B+
CENX,7.1,0.54,0.36,Materials,2.68,5.99%,16.34,1462992000,93303060,482600000,-11.95%,-47.38%,5/7/2025,-4.35%,4.21%,8/8/2025,F
CF,12.08,2.23911,1.9768,Materials,3.44,6.09%,91.32,14401071000,162010030,3296000000,6.70%,25.75%,5/7/2025,1.62%,2.73%,8/6/2025,A
CFLT,60.6,0.0818,0.08,Information Technology,3.26,45.10%,22.77,7434115000,340389900,1108922000,-13.66%,NM,4/30/2025,-1.94%,4.26%,7/30/2025,B
CHTR,10.77,9.78107,8.42,Communication Services,4.65,3.56%,408.5,62837174000,138134240,95557000000,13.15%,16.01%,4/25/2025,-2.04%,0.53%,7/25/2025,B
CHWY,35.7,0.3388,0.28,Consumer Discretionary,3.38,19.60%,44.3,18226037000,414982620,535923000,32.82%,911.11%,3/26/2025,4.07%,0.87%,6/11/2025,A-
CI,10.64,7.13209,6.74,Health Care,3.4,10.63%,315.48,84414390000,267142600,30448000000,-1.57%,46.10%,5/2/2025,0.52%,-0.16%,7/31/2025,B+
CL,25.22,0.8983,0.91,Consumer Staples,2.94,4.63%,92.44,75036795000,810420100,8269000000,-2.21%,12.03%,4/25/2025,2.38%,-0.16%,8/1/2025,C
CLX,18.52,2.19601,1.45,Consumer Staples,2.13,1.98%,130.22,16131327000,123252810,2944000000,-15.20%,188.97%,5/5/2025,-2.55%,-0.50%,8/1/2025,C
CME,25.4,2.96915,2.8,Financials,3.46,3.83%,284.56,1.02E+11,360359230,3796500000,18.67%,13.21%,4/23/2025,2.96%,0.17%,7/23/2025,A+
CMG,41.68,0.32587,0.29,Consumer Discretionary,2.9,15.09%,51.15,68217040000,1347364000,4633079000,-8.97%,20.22%,4/23/2025,-1.49%,1.03%,7/25/2025,D
CMI,15.03,5.24376,5.96,Industrials,2.92,8.45%,326.26,43699986000,137754900,8115000000,-4.79%,47.91%,5/5/2025,-3.72%,2.85%,8/1/2025,C
CNI,18.71,1.368868128,1.404620186,Industrials,3.57,2.89%,105.39,66288493000,627500000,14774196000,-1.34%,-15.45%,5/1/2025,-1.41%,0.39%,7/22/2025,C-
COF,12.02,3.68997,4.06,Financials,3.29,8.54%,191.61,70911100000,383137570,45076000000,6.92%,-6.82%,4/22/2025,-4.94%,3.53%,7/24/2025,D+
COIN,42.75,1.29727,0.24,Financials,3.13,63.17%,265.48,67028156000,254704960,4594748000,15.93%,5.11%,5/8/2025,2.88%,0.88%,8/7/2025,C-
COST,55.77,4.2434,4.02,Consumer Staples,3.28,10.77%,1017.44,4.47E+11,443683360,8039000000,6.71%,12.10%,3/6/2025,-0.80%,0.89%,5/29/2025,B-
CPAY,15.46,5.10682,4.51,Financials,2.96,8.52%,332.97,22861732000,70493450,8243303000,-4.50%,6.08%,5/6/2025,-5.21%,2.67%,8/6/2025,C+
CRH,16.46,2.06271,-0.1193,Materials,3.02,5.17%,95.31,63500698000,674893200,17329000000,-0.15%,2.80%,5/5/2025,-3.08%,1.30%,8/22/2025,C-
CRM,24.46,2.54671,2.78,Information Technology,3.19,17.25%,277.71,2.62E+11,959473600,12070000000,-7.50%,51.43%,2/26/2025,-4.67%,1.68%,5/28/2025,C
CRWD,131.91,0.65993,1.03,Information Technology,3.15,52.37%,472.11,1.13E+11,249074060,788901000,30.98%,NM,3/4/2025,3.60%,3.63%,6/3/2025,D
CSCO,16.66,0.9766,0.96,Information Technology,3.47,1.92%,63.835,2.50E+11,3959998200,30745000000,10.00%,-17.33%,5/14/2025,0.23%,1.15%,-,A-
CSX,18.63,0.41993,0.34,Industrials,2.94,3.93%,31.44,57896784000,1878545900,19725000000,-4.91%,-6.53%,4/16/2025,-0.22%,2.01%,7/15/2025,C-
CTRA,8.73,0.53372,0.8,Energy,3.84,27.49%,24.915,18715152000,763260740,4522000000,-4.17%,-0.01%,5/5/2025,-0.39%,1.61%,8/4/2025,B-
CTVA,22.98,1.86138,1.13,Materials,3.36,3.16%,70.25,47110660000,682170000,4083000000,15.19%,68.03%,5/7/2025,0.82%,1.72%,8/6/2025,A-
CVS,9.92,1.45419,2.25,Health Care,3.48,7.62%,61.52,76951134000,1265019400,81213000000,2.43%,-26.59%,5/1/2025,-1.57%,1.13%,8/6/2025,A
CVX,17.44,1.8058,2.18,Energy,3.29,8.87%,137.77,2.38E+11,1746393900,29681000000,-8.96%,-19.49%,5/2/2025,-1.99%,0.90%,8/1/2025,D
D,16.61,0.76762,0.93,Utilities,3.98,0.58%,56.86,48003580000,852790600,44607000000,0.83%,27.61%,5/1/2025,1.21%,1.01%,7/31/2025,C+
DAL,8.85,1.99994,0.46,Industrials,2.99,6.54%,49.53,31289512000,652953100,23380000000,-10.02%,-27.65%,4/9/2025,-4.50%,3.36%,7/9/2025,C-
DAR,20.05,0.37794,-0.1229,Consumer Staples,2.72,10.91%,32.37,4988330000,158158850,4143743000,-12.02%,-67.87%,4/24/2025,-7.87%,2.63%,7/24/2025,D-
DASH,43.62,1.04832,1.07315,Consumer Discretionary,3.28,59.97%,203.09,87354850000,423744130,527000000,21.66%,NM,5/6/2025,2.82%,-1.48%,8/5/2025,B
DBX,10.9,0.63043,0.7,Information Technology,3.16,7.99%,28.34,8047874600,281492640,3009700000,4.23%,1.18%,5/8/2025,-1.50%,-0.87%,8/7/2025,B-
DD,15.87,1.05136,1.03,Materials,2.73,-8.73%,69.02,28311437000,418498720,7705000000,-13.01%,-96.55%,5/2/2025,-1.82%,2.03%,8/1/2025,C-
DDOG,67.38,0.4075,0.46,Information Technology,3.16,46.23%,117.64,39529130000,345353200,1877296000,-6.83%,45.28%,5/6/2025,-1.43%,2.78%,8/5/2025,B
DE,27.19,4.65664,6.64,Industrials,3.15,4.28%,510.31,1.38E+11,271413920,66321000000,16.39%,-37.90%,5/15/2025,-0.69%,0.05%,8/14/2025,C
DELL,12.22,1.69184,2.68,Information Technology,3.72,2.42%,114.29,76624670000,683477570,25368000000,1.30%,38.70%,2/27/2025,0.83%,1.94%,5/29/2025,C
DG,18.11,1.47612,0.87,Consumer Staples,3.15,7.91%,100.94,22300434000,219947070,17463384000,20.05%,-32.32%,3/13/2025,6.30%,-0.44%,6/3/2025,C+
DHI,10.34,2.91739,2.58,Consumer Discretionary,2.73,13.85%,121.12,36447060000,307181280,6612000000,-22.11%,-9.88%,4/17/2025,-3.41%,2.08%,7/22/2025,F
DHR,23.97,1.63976,1.88,Health Care,3.26,5.72%,189.6,1.32E+11,715669570,17577000000,-20.48%,-5.43%,4/22/2025,-4.15%,2.74%,7/22/2025,B+
DIS,18.96,1.4361,1.45,Communication Services,4.94,3.74%,112.51,1.97E+11,1797746300,42889000000,8.41%,429.23%,5/7/2025,-1.75%,2.54%,8/6/2025,A+
DLTR,16.93,1.19852,2.29,Consumer Staples,3.05,-5.73%,89.68,18528731000,210147800,7830600000,18.60%,-16.15%,3/26/2025,0.40%,1.71%,6/4/2025,C
DOCU,24.21,0.81431,0.86,Information Technology,2.93,25.04%,85.93,17133742000,202502560,124427000,8.32%,1326.61%,3/13/2025,-4.83%,1.56%,-,D+
DOW,66.79,0.0006,0.02,Materials,2.73,0.42%,28.95,20018323000,706861760,17921000000,-32.64%,-76.26%,4/24/2025,-4.85%,2.22%,7/24/2025,D
DPZ,27.07,3.95672,4.33,Consumer Discretionary,3.28,5.30%,484.88,16450633000,34241476,5206500000,7.71%,13.87%,4/28/2025,-1.24%,0.93%,7/18/2025,A
DUK,18.44,1.23026,1.76,Utilities,3.26,4.53%,116.78,90542680000,777257100,87481000000,1.40%,7.26%,5/6/2025,0.74%,0.25%,8/5/2025,C+
DXCM,41.77,0.44523,0.32,Health Care,2.98,20.98%,85.47,33137005000,392107500,2583200000,11.61%,-13.32%,5/1/2025,-1.20%,1.14%,7/24/2025,B-
EA,17.86,0.131,1.2415,Communication Services,2.93,6.15%,147.035,36835013000,250765970,2218000000,1.13%,-9.19%,5/6/2025,-1.62%,0.10%,-,C-
EBAY,13.48,1.29491,1.38,Consumer Discretionary,3.41,5.09%,72.44,33143871000,460843600,7178000000,11.39%,-17.08%,4/30/2025,1.21%,0.72%,7/30/2025,A
ECL,34.83,1.89416,1.5,Materials,3.11,4.38%,264.46,74025150000,283512600,8357900000,4.82%,36.20%,4/29/2025,1.34%,1.29%,7/29/2025,C+
EGO,12.75,0.36806,0.28,Materials,4.84,13.85%,19.81,4131948500,205125040,947992000,19.32%,169.38%,5/1/2025,6.76%,0.00%,7/31/2025,A-
EIX,9.34,1.47421,1.3679,Utilities,3.37,7.08%,57.31,21793014000,384763650,39560000000,-20.10%,209.72%,4/29/2025,-0.89%,1.18%,7/25/2025,A-
EL,43.28,0.08402,0.65,Consumer Staples,2.97,-0.88%,66.82,22912604000,359751970,9382000000,-15.65%,NM,5/1/2025,-1.56%,4.91%,8/20/2025,B+
ENB,21.67,0.4278189,0.739342344,Energy,3.27,4.36%,46.28,1.01E+11,2180284400,71738040000,8.13%,1.87%,5/9/2025,2.10%,0.48%,7/28/2025,C+
ENPH,16.2,0.63152,0.68,Information Technology,1.31,14.29%,40.02,5201046000,131207016,1234605000,-47.50%,-44.88%,4/22/2025,-14.70%,0.96%,7/22/2025,D
ENTG,24.35,0.61772,0.67,Information Technology,1.2,15.00%,74.9,10952276000,151400000,4055200000,-27.26%,-1.83%,5/7/2025,-6.52%,3.54%,8/6/2025,D
EPD,11.16,0.6803,0.65822,Energy,4.02,12.38%,31.485,67864965000,2168902700,32045000000,0.10%,4.38%,4/29/2025,-1.93%,0.62%,7/29/2025,C+
EQIX,61.51,3.46707,3.6471,Real Estate,3.4,9.64%,881.19,84462790000,97818990,19650000000,-2.12%,-3.78%,4/30/2025,-0.57%,2.05%,7/30/2025,A+
ET,13.44,0.31377,0.3652,Energy,4.53,9.25%,17.99,61257240000,3431778000,60607000000,0.20%,20.71%,5/6/2025,-0.36%,0.78%,8/6/2025,A-
ETN,26.71,2.91858,2.72,Industrials,3.05,3.93%,328.33,1.26E+11,391300000,10758000000,0.65%,17.05%,5/2/2025,-1.51%,2.26%,7/28/2025,C
ETSY,9.98,1.06552,1.2134,Consumer Discretionary,2.87,26.25%,50.29,4963835400,104282260,2387271000,-7.42%,-29.38%,4/30/2025,0.94%,5.65%,7/30/2025,C
EWBC,10.23,2.23289,2.09,Financials,3.24,10.50%,92.28,12449750000,137825180,4256505000,-1.26%,5.55%,4/22/2025,-3.82%,2.16%,-,B
EXEL,-,0.54085,0.62,Health Care,4.78,18.61%,43.07,11560104000,272708300,187125000,27.12%,237.58%,5/13/2025,-1.02%,1.60%,8/5/2025,B+
EXPE,11.2,3.98322,0.47,Consumer Discretionary,3.03,3.40%,164.65,20209680000,127120900,6467000000,-4.05%,54.83%,5/8/2025,-3.40%,3.57%,8/7/2025,B-
F,9.36,0.31679,0.14,Consumer Discretionary,3.3,4.06%,10.3,41197048000,3976548900,1.58E+11,0.82%,28.89%,5/5/2025,-2.36%,-0.58%,7/25/2025,C
FAST,37.34,0.27905,0.26,Industrials,3.23,7.14%,41.62,46635356000,1147241200,495800000,7.55%,-0.99%,4/11/2025,-0.22%,2.39%,7/14/2025,B+
FCX,25.15,0.42141,0.24,Materials,3.78,13.14%,39.68,56040534000,1436200200,9404000000,-4.67%,7.02%,4/24/2025,1.07%,1.69%,-,C+
FDX,11.95,6.00868,4.51,Industrials,3.02,4.74%,220.05,51899523000,239598910,37031000000,-17.42%,-8.19%,3/20/2025,-3.99%,1.59%,6/24/2025,C-
FMS,8.99,0.510353365,-,Health Care,4.9,1.80%,29.51,17529983000,293413440,11729254000,27.43%,27.83%,5/6/2025,0.67%,1.69%,8/5/2025,A-
FSLR,10.28,2.78374,1.95,Information Technology,2.91,6.80%,156.35,16985381000,107244480,630392000,-12.42%,23.43%,4/29/2025,-7.69%,-1.28%,7/29/2025,D+
FTK,24,0.09,0.21282,Materials,4.99,16.16%,14.4,441602270,29677572,7993000,101.14%,683.07%,5/6/2025,0.23%,-3.23%,8/6/2025,A+
FTNT,41.45,0.59075,0.58,Information Technology,3.37,22.05%,104.94,78960360000,765416450,1076500000,12.04%,57.71%,5/7/2025,-0.49%,1.73%,8/7/2025,B+
GE,41.88,1.40215,1.49,Industrials,3.42,-15.57%,241.72,2.48E+11,1066386600,20714000000,24.07%,60.96%,4/22/2025,1.56%,3.84%,7/22/2025,A-
GEO,26.74,0.16,0.14,Industrials,3.06,-0.40%,27.46,3717797000,138568660,1777611000,13.76%,-66.15%,5/7/2025,0.22%,2.35%,8/6/2025,D+
GILD,13.45,1.95279,1.81,Health Care,4.59,4.81%,109.13,1.34E+11,1243929100,24952000000,13.45%,1118.07%,4/24/2025,2.89%,1.64%,8/1/2025,B-
GM,5.19,2.5302,2.78,Consumer Discretionary,3.3,6.89%,49.05,46812260000,961434750,1.34E+11,-1.12%,-14.33%,4/29/2025,-2.32%,0.74%,7/22/2025,C
GNRC,16.7,1.34669,1.26,Industrials,2.67,14.50%,126.97,7299537400,59081650,1420366000,-16.88%,58.27%,4/30/2025,-2.58%,2.77%,7/30/2025,C-
GOOG,17.69,2.17288,2.81,Communication Services,3.48,16.63%,173.6,2.05E+12,12134751000,28498000000,-1.76%,37.52%,4/24/2025,1.86%,2.36%,7/22/2025,A-
GOOGL,17.57,2.17288,2.81,Communication Services,3.49,16.63%,172.5,2.05E+12,12134751000,28498000000,-1.47%,37.52%,4/24/2025,1.98%,2.39%,7/22/2025,A-
GOOS,15.98,-0.6293,0.23653,Consumer Discretionary,3.86,7.07%,12.535,1163164000,96834460,518841900,18.61%,70.18%,5/21/2025,20.95%,6.50%,8/7/2025,B+
GS,13.35,9.87832,14.12,Financials,3.11,8.86%,616.18,1.75E+11,293049570,7.40E+11,7.53%,68.40%,4/14/2025,-1.08%,2.95%,7/16/2025,C-
HAS,15.76,0.77704,1.04,Consumer Discretionary,3.55,-3.49%,67.29,9224717000,140129380,3360300000,4.06%,NM,4/24/2025,-1.06%,2.22%,-,C+
HD,24.17,4.70221,3.56,Consumer Discretionary,3.24,7.77%,369.54,3.61E+11,993928200,61291000000,-6.27%,-1.28%,5/20/2025,-2.98%,1.88%,8/19/2025,C-
HON,21.41,2.63937,2.51,Industrials,3.24,1.56%,226.23,1.43E+11,642682900,33991000000,4.14%,0.81%,4/29/2025,0.13%,1.89%,7/31/2025,B
HSY,26.01,0.98117,2.09,Consumer Staples,2.79,6.08%,158.87,31474500000,202603790,6290816000,-11.27%,-19.58%,5/1/2025,-2.14%,2.27%,7/31/2025,C+
HUBS,65.75,2.12268,1.78,Information Technology,3.27,30.42%,618.495,32429384000,52737570,655149000,-1.45%,NM,5/8/2025,-5.16%,0.58%,8/6/2025,B+
IAG,8.72,0.16778,0.1,Materials,4.6,10.22%,7.12,3876537300,575050430,1148600000,17.36%,405.77%,5/6/2025,4.71%,5.79%,8/7/2025,B+
IBM,23.65,2.65767,1.6,Information Technology,3.44,-3.87%,263.29,2.35E+11,909396540,66835000000,12.37%,-33.61%,4/23/2025,-1.16%,1.80%,7/23/2025,B+
IDXX,41.23,3.26788,2.96,Health Care,3.36,9.86%,516.43,40337220000,80421920,1059359000,11.60%,4.80%,5/1/2025,-1.74%,2.96%,8/1/2025,A-
ILMN,19.01,1.00764,0.97,Health Care,2.59,4.05%,82.12,12722571000,158300000,2607000000,-31.40%,NM,5/8/2025,-1.03%,2.18%,8/7/2025,D
IMO,12.63,1.13714656,1.824976102,Energy,3.1,9.61%,72.485,36535587000,509044960,2953032200,1.91%,8.49%,5/2/2025,-0.78%,1.11%,-,B-
INGR,12.13,2.77175,2.97,Consumer Staples,4.69,3.44%,139.14,8790672000,64311010,1784000000,0.99%,-5.11%,5/6/2025,-1.18%,1.79%,7/29/2025,A+
INTC,66.3,0.01017,0.13,Information Technology,3.11,-6.87%,20.54,87458100000,4362000000,50151000000,-7.29%,NM,4/24/2025,-6.05%,2.44%,7/24/2025,D+
INTU,35.83,2.6818,11.65,Information Technology,3.46,21.54%,748.455,2.01E+11,278947000,7087000000,15.46%,13.03%,5/22/2025,7.62%,3.93%,8/21/2025,A-
ISRG,68.98,1.9335,1.81,Health Care,3.06,13.61%,550.45,1.93E+11,358418240,0,3.35%,23.31%,4/22/2025,-3.02%,2.02%,7/15/2025,D+
ITW,23.44,2.55266,2.48,Industrials,2.82,2.72%,246.92,70947630000,293365980,8263000000,-5.05%,12.10%,4/30/2025,-2.36%,2.10%,7/31/2025,C-
JD,7.79,1.067512697,1.167358383,Consumer Discretionary,4.35,14.79%,32.51,48074027000,1441500000,12043141000,-8.42%,86.72%,5/13/2025,-3.41%,-2.52%,8/14/2025,B-
JNJ,14.42,2.68007,2.77,Health Care,3.4,1.55%,153.72,3.68E+11,2406073300,52252000000,-2.42%,32.50%,4/15/2025,0.97%,1.37%,7/16/2025,B-
JPM,14.18,4.42104,5.07,Financials,3.2,10.54%,264.95,7.25E+11,2779094500,1.08E+12,9.59%,23.06%,4/11/2025,-1.12%,1.63%,7/15/2025,C+
KGC,12.76,0.26456,0.3,Materials,4.93,9.16%,14.58,18272858000,1226800000,1253300000,34.60%,177.99%,5/6/2025,4.65%,-0.88%,7/30/2025,A-
KHC,10.09,0.64226,0.62,Consumer Staples,3.04,0.20%,26.755,31127157000,1183542100,21603000000,-16.80%,-4.39%,4/29/2025,-3.79%,1.73%,7/30/2025,C-
KKR,22.4,1.15018,1.15,Financials,2.96,93.81%,120.56,1.04E+11,890641900,51460583000,-11.77%,-46.92%,5/1/2025,-5.15%,2.88%,7/31/2025,D+
KLAC,23.36,8.5386,8.41,Information Technology,3.37,15.56%,790.01,1.00E+11,132241430,6089173000,6.46%,44.11%,4/30/2025,-3.42%,4.34%,7/25/2025,A-
KLG,10.89,0.3885,0.44628,Consumer Staples,3.04,-,17.47,1482856200,86262730,717000000,-5.18%,-51.73%,5/6/2025,-2.69%,1.63%,8/5/2025,B
KMB,19.93,1.66919,1.93,Consumer Staples,2.98,0.96%,142.67,46968560000,331816030,7284000000,3.17%,34.72%,4/22/2025,2.17%,0.79%,7/22/2025,C-
KMI,21.92,0.26963,0.34,Energy,3.21,3.76%,28.25,61906833000,2222068700,33200000000,7.81%,5.43%,4/16/2025,0.57%,1.40%,7/16/2025,B
KMX,16.41,1.21308,0.58,Consumer Discretionary,2.75,5.66%,63.05,9485881000,152334690,19426208000,-19.31%,6.29%,4/10/2025,-6.38%,1.25%,6/20/2025,B-
KO,24.2,0.83682,0.73,Consumer Staples,3.34,4.75%,71.825,3.09E+11,4304267000,49971000000,5.64%,0.01%,4/29/2025,1.14%,0.08%,7/29/2025,B+
KR,14.42,1.45458,1.14,Consumer Staples,3.33,3.77%,67.82,45670863000,665853060,25082000000,11.97%,23.99%,3/6/2025,0.39%,-1.12%,6/3/2025,B
KRC,26.98,0.30312,0.33,Real Estate,2.83,5.63%,32.59,3734612200,118280584,4726069000,-14.33%,-3.43%,5/5/2025,-2.59%,4.22%,7/25/2025,D
LEN,10.44,1.95878,2.2153,Consumer Discretionary,2.74,9.33%,107.81,27607736000,263794180,3864479000,-28.01%,-3.58%,3/20/2025,-3.68%,2.50%,-,F
LI,23.09,0.088866371,0.523647015,Consumer Discretionary,3.2,247.68%,28.23,29294047000,1013284300,2239309300,18.67%,-31.73%,3/14/2025,1.18%,-2.35%,5/29/2025,C
LIN,27.93,4.02512,3.95,Materials,3.14,3.33%,467.03,2.16E+11,470724480,23897000000,0.88%,6.99%,5/1/2025,0.71%,1.77%,7/31/2025,C
LITE,39.53,0.74561,0.57,Information Technology,4.79,-3.00%,78.2,5258438000,69400000,2609800000,7.72%,NM,5/6/2025,-0.67%,3.21%,8/14/2025,A+
LLY,32.75,5.52965,3.34,Health Care,3.09,16.24%,726.74,6.41E+11,897735700,38604300000,-14.74%,80.99%,5/1/2025,-3.08%,1.83%,8/7/2025,D
LMT,17.12,6.56539,7.28,Industrials,3.27,3.27%,475.02,1.10E+11,234295950,20304000000,-7.79%,-15.29%,4/22/2025,0.31%,1.31%,7/22/2025,B+
LOW,18.05,4.25947,2.92,Consumer Discretionary,3.1,2.36%,224.95,1.24E+11,559706560,38955000000,-11.27%,-3.09%,5/21/2025,-3.74%,1.76%,8/20/2025,C
LRCX,20.25,1.20117,1.04,Information Technology,3.4,12.25%,83.83,1.04E+11,1279118000,4484340000,5.32%,32.12%,4/23/2025,-3.06%,3.42%,7/31/2025,A
LSCC,44.45,0.24,0.22,Information Technology,1.62,3.92%,47.95,6413351400,137507540,21794000,-12.81%,-76.32%,5/5/2025,-9.08%,2.81%,8/7/2025,C-
LULU,20.77,2.59135,6.14,Consumer Discretionary,2.93,21.62%,320.54,37337973000,120150510,1575791000,-1.92%,20.00%,3/27/2025,-1.99%,3.15%,6/5/2025,C
LUV,25.44,0.51353,-0.13,Industrials,3.17,5.10%,32.68,17637347000,569865800,7995000000,1.53%,37.74%,4/23/2025,-2.51%,5.59%,7/24/2025,D-
LVS,16.64,0.53205,0.59,Consumer Discretionary,2.76,-0.54%,41.76,28122933000,706606400,13851000000,-10.93%,-13.58%,4/23/2025,-4.13%,4.92%,7/23/2025,C
LYFT,14.24,0.27856,0.1089,Industrials,4.51,9.44%,16.405,6772238000,420635870,1229028000,20.76%,NM,5/8/2025,-2.69%,1.89%,8/4/2025,B
M,6.01,0.15014,1.8,Consumer Discretionary,2.82,-1.91%,12.02,3223104800,278574340,6073000000,-20.75%,1193.75%,3/6/2025,-3.84%,3.89%,5/28/2025,F
MA,35.38,4.02211,3.73,Financials,3.36,11.32%,573.81,5.12E+11,908047600,18802000000,7.75%,13.32%,5/1/2025,-2.23%,1.82%,7/31/2025,B-
MAR,25.56,2.61334,2.32,Consumer Discretionary,2.91,5.97%,264.94,70583030000,273896130,15851000000,-0.59%,-9.36%,5/6/2025,-3.95%,2.81%,8/7/2025,C+
MCD,25.55,3.14805,2.67,Consumer Discretionary,3.29,4.07%,315.08,2.25E+11,715032700,52795000000,5.07%,-3.76%,5/1/2025,-0.06%,0.16%,-,B+
MCHP,40.71,0.22451,0.11,Information Technology,2.98,-3.55%,58.655,30308856000,539399400,5781200000,-10.38%,NM,5/8/2025,-6.47%,4.39%,8/7/2025,B-
MCO,34.44,3.28654,3.83,Financials,2.86,7.74%,480.585,84507790000,179937810,7268000000,-0.85%,26.27%,4/22/2025,-2.57%,2.33%,-,D+
MCY,24.4,1.3,-2.29,Financials,4.65,8.84%,61.52,3310578200,55388628,592086000,-2.12%,32.82%,5/6/2025,-2.28%,2.93%,7/29/2025,A+
MDB,69.58,0.65676,1.28,Information Technology,1.29,36.61%,189.05,15088727000,81187660,74011000,-24.70%,NM,3/5/2025,-2.21%,1.72%,-,D+
MDLZ,21.91,0.67999,0.74,Consumer Staples,3.37,6.97%,66.69,85639090000,1294815400,20155000000,0.07%,-13.92%,4/29/2025,1.37%,0.83%,7/22/2025,A-
MDT,14.54,1.22744,1.62,Health Care,3.11,3.01%,81.295,1.03E+11,1281934600,28516000000,-7.47%,30.80%,5/21/2025,-4.75%,0.76%,8/19/2025,D
MELI,50.72,11.87516,9.74,Consumer Discretionary,3.41,55.33%,2552.75,1.27E+11,50697376,7757000000,23.71%,82.40%,5/7/2025,-2.15%,1.79%,7/31/2025,A
META,24.55,5.78676,6.43,Communication Services,3.45,18.35%,640.35,1.58E+12,2514327300,49519000000,6.12%,47.45%,4/30/2025,-2.26%,2.12%,7/23/2025,B
MFC,10.69,0.703282213,0.715814438,Financials,4.27,-16.59%,31.85,53888470000,1712710800,16359479000,4.33%,14.95%,5/7/2025,-1.16%,2.05%,8/6/2025,C-
MGA,7.62,1.12452,0.78,Consumer Discretionary,3.74,2.26%,36.45,10117652000,281735500,7558000000,-10.26%,13.73%,5/2/2025,-2.38%,2.82%,8/1/2025,C-
MMM,19.28,2.00624,1.88,Industrials,3.03,-5.40%,149.31,79446335000,538181400,14134000000,7.28%,NM,4/22/2025,-1.97%,1.14%,7/25/2025,C-
MNST,34.26,0.47676,0.47,Consumer Staples,3.28,11.53%,64.16,61791597000,975246140,260637000,18.99%,-4.03%,5/8/2025,1.70%,1.26%,8/7/2025,B+
MO,11.1,1.38939,1.23,Consumer Staples,3.41,-0.20%,59.68,1.01E+11,1684451800,26059000000,9.89%,25.37%,4/29/2025,2.20%,-0.10%,7/30/2025,A-
MOS,12.34,0.75388,0.49,Materials,4.78,4.67%,35.99,11134801000,317230800,4823400000,29.79%,-51.11%,5/6/2025,1.07%,2.54%,8/1/2025,A-
MPLX,11.08,1.11742,1.1,Energy,4.05,5.35%,51.06,51662800000,1020802200,22915000000,4.69%,11.58%,5/6/2025,-0.47%,0.89%,8/5/2025,B+
MPW,-,0.00683,-,Real Estate,2.5,0.21%,4.675,2751664000,600800000,9465400000,-6.82%,NM,5/1/2025,-6.28%,2.07%,8/7/2025,D+
MPWR,39.07,4.11242,4.04,Information Technology,3.18,29.62%,684.19,31705178000,47880000,17751000,-5.81%,348.37%,5/1/2025,-5.71%,3.32%,7/31/2025,B+
MRK,8.71,2.05469,2.22,Health Care,3.2,6.66%,77.84,1.95E+11,2511031300,34844000000,-20.95%,667.14%,4/24/2025,0.89%,0.34%,7/29/2025,D+
MRVL,21.75,0.6132,0.6,Information Technology,3.01,16.40%,64.85,52425880000,863830600,4343100000,-26.95%,NM,3/5/2025,-3.89%,6.85%,5/29/2025,B
MS,14.52,2.06378,2.5996,Financials,3.17,9.57%,129.25,2.02E+11,1604319100,4.49E+11,5.70%,55.47%,4/11/2025,-2.25%,2.52%,7/16/2025,C+
MSCI,33.28,4.09377,4,Financials,2.82,12.76%,566.57,43225133000,77371496,4691349000,-3.24%,-0.72%,4/22/2025,-1.53%,1.41%,7/22/2025,C-
MSFT,33.63,3.37256,3.46,Information Technology,3.48,14.25%,459.4,3.35E+12,7432543700,1.05E+11,8.24%,12.13%,4/30/2025,-0.70%,2.05%,7/31/2025,B+
MTCH,8.74,0.765,0.6822,Communication Services,3.85,10.12%,30.1,7163031600,245225330,3511337000,-12.07%,-11.62%,5/8/2025,-0.03%,3.05%,7/29/2025,B
MTH,7.73,2.00208,1.69,Consumer Discretionary,2.64,10.24%,65.79,4612939300,71830264,1892873000,-22.52%,-7.79%,4/23/2025,-4.56%,2.44%,7/23/2025,D-
MU,13.36,1.58573,1.56,Information Technology,4.27,9.83%,96.27,1.04E+11,1117571600,15023000000,-1.67%,NM,3/20/2025,-2.62%,3.11%,6/25/2025,C
NCLH,8.49,0.50912,0.07,Consumer Discretionary,3.56,8.35%,17.995,7738692600,446806720,14803528000,-21.36%,120.77%,4/30/2025,-6.56%,3.90%,7/30/2025,B+
NEE,18.48,0.97009,0.99,Utilities,3.2,5.06%,68.13,1.39E+11,2058631200,89678000000,-8.96%,-27.11%,4/23/2025,-5.63%,0.55%,7/23/2025,C+
NEM,12.45,0.9048,1.25,Materials,4.84,13.34%,52.79,59657445000,1111974800,7986000000,13.05%,NM,4/23/2025,4.86%,-1.14%,7/24/2025,A-
NET,198.04,0.18152,0.16,Information Technology,3.27,41.10%,161.22,54778307000,346610370,1475894000,43.69%,NM,5/8/2025,2.30%,2.01%,8/7/2025,C
NFLX,46.23,7.0703,6.61,Communication Services,3.48,13.42%,1207.51,5.04E+11,425571260,17423487000,34.64%,46.84%,4/17/2025,1.14%,1.87%,7/18/2025,A-
NGD,10.78,0.07508,0.02,Materials,4.96,9.25%,4.29,3450904300,791369000,509300000,44.25%,NM,4/29/2025,7.90%,-0.23%,7/25/2025,A-
NIO,-,-0.330022348,-0.4372836,Consumer Discretionary,2.9,53.06%,3.655,8566417400,2242517800,4633964000,-16.38%,NM,3/21/2025,-4.93%,-4.32%,6/3/2025,C+
NKE,28.24,0.10716,0.54,Consumer Discretionary,3.19,2.99%,62.455,88588950000,1475990500,11915000000,-18.76%,-11.21%,3/20/2025,-2.91%,4.06%,-,A-
NOC,18.71,6.59014,3.32,Industrials,2.99,3.33%,473.57,67856384000,143928200,18126000000,-4.85%,77.72%,4/22/2025,0.01%,0.45%,7/24/2025,F
NOW,60.59,3.56613,4.04,Information Technology,3.33,25.27%,1027.22,2.08E+11,206982900,2399000000,6.09%,-21.11%,4/23/2025,-1.89%,2.28%,7/23/2025,B
NRG,20.89,1.3871,2.62,Utilities,3.48,24.80%,156.75,30855457000,195510430,10989000000,61.26%,-12.03%,5/12/2025,0.85%,-0.68%,8/6/2025,A
NUE,14.03,2.19021,0.77,Materials,2.96,6.59%,109.04,25034123000,230750510,7880000000,-19.00%,-66.85%,4/28/2025,-5.62%,0.51%,7/31/2025,B+
NVDA,31.67,0.7291,0.89,Information Technology,3.42,64.24%,135.325,3.20E+12,24387557000,10270000000,4.09%,147.06%,2/26/2025,-0.87%,3.07%,5/28/2025,B-
NVO,17.13,0.893352121,0.98964285,Health Care,2.72,19.08%,70.36,3.12E+11,4439053000,17209076000,-30.44%,17.93%,5/7/2025,0.97%,4.47%,8/6/2025,F
NXPI,16.74,2.66433,2.64,Information Technology,2.77,6.96%,198.98,48542605000,252628700,11725000000,-11.84%,-15.14%,4/28/2025,-7.11%,3.55%,7/21/2025,C-
O,43.47,0.34867,0.2794,Real Estate,3.19,28.35%,56.23,50296950000,903079940,27452195000,-3.68%,3.85%,5/5/2025,-0.05%,1.26%,8/6/2025,F
OKTA,38.63,0.7714,0.78,Information Technology,3.47,34.82%,124.52,21659824000,175071330,979000000,36.32%,NM,3/3/2025,-0.62%,0.65%,5/27/2025,A-
ON,18.15,0.53109,0.55,Information Technology,2,4.26%,43.34,17246128000,417885340,3652800000,-29.27%,-69.95%,5/5/2025,-6.28%,5.02%,8/4/2025,D+
ORCL,26.01,1.64076,1.47,Information Technology,3.21,7.00%,161.9,4.37E+11,2804234000,1.09E+11,-3.21%,12.60%,3/10/2025,-2.07%,3.80%,6/11/2025,F
OXY,16.26,0.42257,0.87,Energy,2.98,3.22%,41.61,40634840000,984132700,25987000000,-15.60%,-28.82%,5/7/2025,-3.12%,0.78%,8/7/2025,C
PAAS,16.49,0.32096,0.42,Materials,4.54,15.49%,24.25,8906819000,362189540,825900000,5.35%,NM,5/7/2025,3.55%,0.46%,8/6/2025,A-
PANW,57.04,0.88472,0.8,Information Technology,3.4,22.15%,187.66,1.25E+11,666800000,806000000,2.41%,-49.65%,5/20/2025,-1.98%,0.49%,8/18/2025,A-
PDD,9.69,2.63810478,2.780077263,Consumer Discretionary,4.27,67.20%,101.85,1.69E+11,1419646500,1453232000,4.58%,84.70%,3/20/2025,0.94%,-14.58%,5/27/2025,C+
PEP,16.28,2.05233,1.48,Consumer Staples,3.03,6.07%,130.91,1.77E+11,1371079600,48518000000,-17.24%,2.41%,4/24/2025,-1.05%,1.21%,7/25/2025,C-
PFE,7.79,0.56234,0.92,Health Care,4.72,10.37%,23.635,1.33E+11,5685366000,62397000000,-11.67%,NM,4/29/2025,1.69%,1.35%,7/29/2025,B
PG,24.46,1.42822,1.54,Consumer Staples,3.27,3.59%,167.33,3.89E+11,2344542000,34141000000,-1.57%,2.93%,4/24/2025,1.75%,0.89%,7/28/2025,C
PH,24.55,7.06218,6.94,Industrials,3.03,6.84%,670.67,83689480000,127778000,9372913000,2.95%,22.13%,5/1/2025,-2.37%,2.40%,-,C+
PHM,8.57,2.96627,2.57,Consumer Discretionary,2.78,11.22%,100.45,19683953000,200427180,2188933000,-16.85%,13.61%,4/22/2025,-3.95%,2.28%,7/22/2025,F
PINS,16.97,0.35121,0.23,Communication Services,2.92,25.40%,31.39,20907740000,676625860,143956000,-1.52%,1137.45%,5/8/2025,-4.22%,1.59%,8/7/2025,C
PLTR,212.08,0.13837,0.13,Information Technology,3.49,30.90%,122.665,2.91E+11,2359912400,244596000,72.29%,92.54%,5/5/2025,-1.55%,-0.52%,8/4/2025,B+
PM,23.85,1.85786,1.69,Consumer Staples,4.94,4.91%,179.33,2.77E+11,1556517100,49633000000,29.72%,-5.03%,4/23/2025,4.35%,0.64%,7/22/2025,A
PNC,11.35,3.57004,3.51,Financials,3.2,6.11%,175.83,67966325000,395567000,63097000000,-6.89%,18.96%,4/15/2025,-2.51%,2.33%,7/16/2025,C-
POWI,32,0.34509,0.31,Information Technology,2.01,-0.38%,51.39,2806635500,56290324,0,-16.18%,-30.53%,5/12/2025,-6.70%,3.07%,8/11/2025,C+
PPC,9.12,1.59,1.31,Consumer Staples,3.93,8.86%,48.23,11761304000,237123060,3451694000,2.17%,145.39%,4/30/2025,2.43%,-2.76%,7/30/2025,B
PPG,14.04,2.22855,1.72,Materials,2.95,1.03%,112.18,24985397000,226974900,7873000000,-7.22%,-2.04%,4/29/2025,-2.32%,1.91%,7/17/2025,C+
PR,9.46,0.28136,0.42,Energy,3.76,40.96%,12.8,10174340000,700818700,4167698000,-8.69%,39.99%,5/7/2025,-4.77%,0.63%,8/4/2025,C+
PYPL,13.77,1.29498,1.33,Financials,4.39,11.79%,71.32,67931420000,972532800,13376000000,-8.55%,11.80%,4/29/2025,-2.84%,2.10%,7/29/2025,B
QCOM,12.35,2.7054,2.85,Information Technology,3.23,11.32%,148.6,1.59E+11,1091697000,14623000000,-9.41%,30.56%,4/30/2025,-3.92%,2.21%,7/30/2025,B-
QRVO,13.5,0.62653,1.42,Information Technology,2.98,2.80%,76.84,6939678000,93025176,1611060000,-8.62%,NM,4/29/2025,-4.29%,3.00%,7/30/2025,B-
RCL,15.67,4.04064,2.71,Consumer Discretionary,3.42,9.71%,254.34,65207075000,271560400,20119000000,12.16%,60.94%,4/29/2025,-2.64%,5.92%,7/28/2025,A
REGN,16.57,8.48037,8.22,Health Care,2.6,14.97%,605.27,62167237000,105665496,2704800000,-26.69%,16.49%,4/29/2025,-0.31%,2.88%,8/1/2025,F
RH,17.98,-0.0698,1.58,Consumer Discretionary,1.7,3.74%,188.84,3462517000,18728456,3937889000,-39.78%,-38.75%,4/2/2025,-10.90%,2.14%,6/12/2025,C
ROK,31.32,2.64493,2.45,Industrials,3.32,3.34%,311.58,34439390000,112716470,4093000000,11.90%,-22.34%,5/7/2025,-0.24%,1.98%,8/6/2025,A-
ROP,28.43,4.83226,4.78,Information Technology,3.12,5.93%,573.71,60964454000,107515400,7456400000,2.15%,1.85%,4/28/2025,-1.28%,1.18%,7/24/2025,B-
ROST,22,1.5515,1.47,Consumer Discretionary,2.86,8.58%,142.745,45135780000,328834200,5015669000,-4.88%,6.73%,5/22/2025,-8.78%,4.00%,8/21/2025,D-
RTX,22.23,1.43272,1.47,Industrials,4.14,12.30%,133.8,1.77E+11,1335953800,42946000000,7.01%,37.34%,4/22/2025,-1.14%,1.10%,7/22/2025,C-
SAP,41.65,1.6559,1.65308,Information Technology,3.46,4.66%,301.33,3.48E+11,1166589400,10934761000,16.91%,122.34%,4/22/2025,-0.17%,2.19%,7/22/2025,A+
SBUX,34.26,0.65741,0.41,Consumer Discretionary,2.85,6.39%,86.72,95912160000,1136400000,26031900000,-11.80%,-24.33%,4/29/2025,-1.11%,2.75%,7/29/2025,C-
SCCO,20.46,1.04639,1.17833,Materials,3.73,10.52%,93.36,74247670000,804068350,7967700000,-4.80%,54.89%,4/24/2025,0.49%,1.10%,7/25/2025,B+
SCHW,20.24,1.07111,1.04,Financials,3.42,14.03%,88.69,1.59E+11,1816970400,54560000000,16.60%,38.63%,4/17/2025,-0.26%,1.48%,7/16/2025,B+
SE,41.27,0.94158,0.8334,Communication Services,3.47,47.84%,165.36,97126790000,592019900,4148141000,46.76%,2223.84%,5/13/2025,2.60%,0.79%,8/12/2025,B+
SHEL,10.67,1.51524,1.84,Energy,3.37,-2.63%,66.69,1.95E+11,5949535000,76511000000,-0.87%,-19.61%,5/2/2025,-0.60%,0.59%,7/31/2025,D-
SHOP,72.7,0.28566,0.25,Information Technology,3.07,40.26%,106.18,1.32E+11,1297380900,1138000000,6.03%,NM,5/8/2025,-4.87%,4.60%,8/7/2025,D+
SHW,29.65,3.8112,2.25,Materials,2.98,5.05%,359.27,88156430000,250082060,13628000000,-1.96%,12.81%,4/29/2025,-1.26%,1.92%,7/22/2025,C
SKYW,10.57,2.4375,2.42,Industrials,4.32,4.28%,101.61,3962552000,40467240,2643308000,2.70%,219.12%,4/24/2025,-3.04%,3.77%,7/24/2025,A-
SLAB,190.77,0.0927,-0.08,Information Technology,2.78,-3.10%,125.09,3955199700,32571850,0,2.53%,NM,5/13/2025,-5.31%,3.01%,7/23/2025,C
SLB,10.57,0.76099,0.72,Energy,2.9,2.11%,33.91,45783040000,1360161700,14138000000,-16.83%,-1.47%,4/25/2025,-3.94%,0.74%,7/25/2025,D
SMG,16.99,2.23018,3.98,Materials,2.99,0.22%,60.94,3429426700,57715024,2832300000,-13.74%,NM,4/30/2025,-1.81%,2.56%,7/30/2025,B+
SNAP,28.74,0.01631,0.0804,Communication Services,2.79,24.38%,8.35,13753796000,1671178100,4210853000,-18.56%,NM,4/29/2025,-5.21%,1.46%,7/29/2025,C-
SNOW,183.05,0.26314,0.24,Information Technology,3.36,63.38%,205.18,66748280000,333658000,2687763000,34.47%,NM,5/21/2025,7.77%,2.56%,8/20/2025,B
SNPS,33.46,3.39714,3.03,Information Technology,3.06,12.46%,511.91,77132230000,154620080,665037000,0.44%,-7.43%,2/26/2025,-2.25%,2.62%,5/28/2025,B-
SO,20.97,1.01055,1.23,Utilities,4.1,5.79%,90.09,98519290000,1099055100,70120000000,2.00%,8.04%,5/1/2025,1.54%,0.50%,7/31/2025,C-
SPG,23.65,1.54352,1.454,Real Estate,2.66,1.20%,160.46,59124126000,326425020,25273774000,-7.45%,-19.88%,5/12/2025,-3.34%,2.35%,8/11/2025,C+
SPGI,30.09,4.15767,4.37,Financials,3.01,15.96%,517.02,1.56E+11,306683300,12025000000,0.95%,42.93%,4/29/2025,-1.28%,1.37%,7/31/2025,D+
STT,10.17,2.37671,2.04,Financials,2.86,2.01%,97.3,27405953000,285181600,64742000000,4.82%,64.15%,4/17/2025,-1.13%,1.25%,-,D+
STX,14.38,2.39115,1.9,Information Technology,4.72,-3.80%,117.23,23925398000,212217460,5146000000,16.79%,NM,4/29/2025,5.38%,3.98%,7/24/2025,B
SU,11.75,0.552468735,0.951308958,Energy,3.2,6.62%,35.75,44040050000,1227580500,10278970000,-5.55%,-20.16%,5/6/2025,0.00%,0.11%,8/5/2025,B
SVM,9.05,0.14,0.07,Materials,3.08,8.78%,3.96,845202560,217416500,108667000,-0.66%,104.66%,5/22/2025,0.68%,6.74%,8/7/2025,B-
SWKS,13.65,1.24199,1.24,Information Technology,3.27,3.95%,71.44,10417461000,150129150,1209600000,-16.84%,-51.79%,5/7/2025,-3.73%,4.00%,8/1/2025,B+
SXT,28.04,0.88,0.86,Materials,3.42,3.37%,94.99,3988603100,42459052,701841000,22.05%,41.11%,4/25/2025,0.00%,1.12%,-,A+
T,13.26,0.5298,0.51,Communication Services,3.47,-7.25%,27.51,1.97E+11,7195602400,1.45E+11,15.01%,-12.62%,4/23/2025,0.49%,0.33%,7/23/2025,C+
TEAM,58.2,0.85458,0.97,Information Technology,3.23,26.73%,210.27,54291456000,262505840,1230600000,-7.05%,NM,5/1/2025,-4.83%,1.67%,8/1/2025,B+
TER,22.67,0.53771,0.75,Information Technology,1.27,3.01%,81.39,12349153000,160420290,68763000,-30.38%,33.94%,4/28/2025,-5.58%,5.73%,7/23/2025,D+
TGB,19.41,0,-0.014447109,Materials,2.82,13.34%,2.21,699063100,315875360,551405250,0.07%,NM,5/1/2025,4.42%,2.79%,8/1/2025,D-
TGT,12.76,2.01443,1.3,Consumer Staples,2.97,5.74%,96.76,42842060000,454364800,19395000000,-27.49%,2.04%,5/21/2025,-2.75%,2.62%,8/19/2025,C-
TJX,27.97,1.00441,0.92,Consumer Discretionary,3.12,9.11%,128.05,1.40E+11,1116491800,13062000000,3.90%,5.45%,5/21/2025,-4.50%,1.87%,8/20/2025,C
TMO,17.54,5.26189,5.15,Health Care,2.74,10.84%,404.41,1.49E+11,377493920,34259000000,-26.47%,9.37%,4/23/2025,-4.09%,2.73%,-,D
TMUS,22.68,2.6942,2.5933,Communication Services,3.41,12.93%,244.4,2.76E+11,1135445100,1.22E+11,4.69%,39.35%,4/24/2025,0.96%,0.63%,7/24/2025,B+
TOL,7.47,3.64905,3.5,Consumer Discretionary,2.87,8.70%,107.79,10251364000,98325000,2800254000,-19.52%,-7.88%,5/20/2025,-1.60%,3.39%,8/19/2025,B+
TRGP,19.37,1.84773,1.8882,Energy,2.92,14.23%,161.63,34808885000,216931860,16208700000,-9.17%,11.70%,5/1/2025,-2.33%,0.73%,7/31/2025,B-
TRIP,9.46,0.43346,0.14,Communication Services,3.01,4.68%,14.24,1616681000,118092104,1259000000,-5.93%,115.16%,5/7/2025,-7.37%,4.02%,8/4/2025,C+
TRV,14.4,3.38583,1.91,Financials,3.4,8.12%,275.15,61409202000,226568780,8033000000,9.56%,36.62%,4/16/2025,0.32%,1.52%,7/18/2025,B
TS,9.45,0.87595,0.94,Energy,3.07,10.81%,32.64,17762849000,1071994940,497829000,-6.22%,-45.67%,4/30/2025,-3.67%,0.21%,7/30/2025,B+
TSLA,177.84,0.46144,0.27,Consumer Discretionary,3.34,29.76%,359.15,1.09E+12,3220956200,13128000000,13.41%,-56.07%,4/22/2025,-0.01%,5.84%,7/16/2025,D+
TSM,20.77,2.23268,2.12,Information Technology,4.67,22.01%,197.63,8.45E+11,25932616000,32487705000,3.88%,52.76%,2/12/2025,-0.58%,2.94%,-,C+
TSN,14.39,0.88718,0.92,Consumer Staples,3.02,4.28%,55.66,19788820000,356234370,9068000000,-7.38%,NM,5/5/2025,-0.37%,0.20%,8/4/2025,D+
TTD,41.88,0.41442,0.33,Communication Services,2.72,29.68%,75.92,36312404000,491438660,334968000,-24.23%,104.63%,5/8/2025,-3.61%,2.75%,8/8/2025,C
TTWO,83.2,0.26446,1.2961,Communication Services,3.16,12.77%,226.51,41147840000,182887410,4105900000,20.84%,NM,5/15/2025,-1.79%,0.68%,-,D-
TWLO,24.83,1.05307,1.14,Information Technology,3.38,29.34%,116.44,17326998000,152674200,1100940000,19.35%,NM,5/1/2025,-1.16%,2.60%,8/4/2025,B+
TXN,31.76,1.36955,1.28,Information Technology,3.28,2.60%,182.85,1.60E+11,908472060,12848000000,-7.25%,-17.77%,4/23/2025,-5.12%,3.72%,7/21/2025,B
U,26.28,0.14852,0.24,Information Technology,3.21,25.15%,21.72,8625664000,415694620,2338765000,-2.19%,NM,5/7/2025,-4.49%,4.67%,8/6/2025,B+
UAL,7.22,3.91645,0.91,Industrials,3.2,6.75%,78.25,24380733000,326600580,32925000000,-3.85%,35.24%,4/15/2025,-3.50%,4.82%,7/17/2025,D
UBER,24.34,0.62209,1.0577,Industrials,4.92,28.11%,88.88,1.84E+11,2091168100,11124000000,19.65%,809.23%,5/7/2025,-2.60%,1.29%,8/5/2025,A-
ULTA,17.73,5.82789,8.46,Consumer Discretionary,3.87,8.83%,420,18376990000,45147876,1923234000,6.59%,-2.65%,3/13/2025,-0.90%,3.18%,5/29/2025,C
UNH,12.94,5.06895,7.2,Health Care,3.08,10.74%,292.35,2.68E+11,907140400,81271000000,-44.00%,44.68%,4/17/2025,-4.57%,-1.09%,-,D-
UNP,19.32,2.84327,2.7,Industrials,3.03,2.38%,224.62,1.33E+11,597475600,33904000000,-6.22%,6.03%,4/24/2025,-2.42%,1.13%,7/24/2025,C-
UPS,13.55,1.59062,1.49,Industrials,3.06,3.93%,97.44,80759100000,846797800,25594000000,-21.19%,-0.81%,4/29/2025,-3.39%,2.17%,-,D
UPST,30.49,0.25393,0.3,Financials,3.01,28.84%,47.24,4306256400,95144856,1457841000,-16.84%,NM,5/6/2025,-6.17%,4.37%,8/5/2025,B+
USB,9.92,1.07269,1.03,Financials,3.24,4.11%,43.715,66901705000,1558027500,80945000000,-6.25%,34.12%,4/16/2025,-2.47%,1.80%,7/17/2025,C
V,31.16,2.83679,2.76,Financials,3.44,9.51%,359.07,6.62E+11,1872162000,20762000000,12.26%,11.36%,4/29/2025,-1.81%,1.56%,7/22/2025,B
VEON,8.16,-,1.3809,Communication Services,4.81,-14.21%,54.14,3690743000,70099580,4703000000,38.49%,19.40%,5/15/2025,-1.28%,2.83%,8/7/2025,B+
VIRT,9.58,1.2136,1.3,Financials,4.53,5.34%,41.25,6293000000,86142860,6542295000,14.92%,142.03%,4/23/2025,-2.30%,1.23%,7/18/2025,B+
VIST,10.8,0.946526444,0.79055488,Energy,2.86,34.93%,48.93,5289898000,105448220,1779357000,-0.03%,33.68%,4/23/2025,-1.34%,-1.71%,7/11/2025,C-
VMC,31.48,2.64132,1,Materials,3.12,8.55%,270.75,35428844000,132103520,5533300000,4.47%,2.69%,4/30/2025,-1.17%,0.95%,8/4/2025,B+
VRTX,24.23,4.28852,4.06,Health Care,3.18,18.16%,445.14,1.12E+11,256797180,1649100000,-6.76%,NM,5/5/2025,0.03%,2.10%,8/4/2025,C
VZ,9.24,1.19497,1.19,Communication Services,3.45,0.59%,43.505,1.83E+11,4216255000,1.73E+11,2.40%,57.26%,4/22/2025,-0.23%,0.43%,7/21/2025,B
WBA,6.68,0.34149,0.63,Consumer Staples,3.36,3.20%,11.195,9659123000,864737900,31107000000,10.28%,NM,4/8/2025,-0.66%,0.22%,6/25/2025,B+
WBS,8.94,1.43679,1.3,Financials,2.91,16.01%,52.32,8620059000,168229090,4145502000,-1.56%,-9.35%,4/24/2025,-2.10%,2.11%,7/21/2025,C-
WES,11.23,0.816,0.82,Energy,3.1,4.99%,39.05,14848888000,381327360,7334981000,-0.38%,-5.80%,5/7/2025,-0.45%,0.28%,8/6/2025,C+
WFC,12.89,1.39368,1.2762,Financials,4.22,0.36%,73.96,2.37E+11,3254182400,3.29E+11,6.94%,16.01%,4/11/2025,-2.88%,1.55%,7/15/2025,C
WM,31.03,1.89204,1.67,Industrials,3.17,8.16%,237.97,95276340000,402332400,23837000000,8.52%,8.68%,4/28/2025,3.03%,0.49%,7/25/2025,C+
WMT,36.83,0.7236,0.61,Consumer Staples,3.39,5.08%,97.45,7.71E+11,8000887000,67205000000,9.15%,0.43%,5/15/2025,-0.54%,1.15%,8/21/2025,C+
WY,38.75,0.19016,0.11,Real Estate,1.65,1.33%,25.81,18298638000,725273000,5189000000,-15.40%,-55.35%,4/24/2025,-3.42%,2.30%,7/24/2025,D-
X,29.57,0.46021,-0.39,Materials,3.23,4.53%,53.04,11776058000,226419140,4230000000,35.93%,-87.61%,5/1/2025,21.87%,1.98%,7/31/2025,C
XOM,15.73,1.50637,1.76,Energy,4.66,6.47%,103.52,4.44E+11,4309638700,37551000000,-8.68%,-7.33%,5/2/2025,-3.25%,0.48%,8/1/2025,C+
XPEV,NM,-0.171147787,-0.062479174,Consumer Discretionary,3.45,88.30%,19.36,19012452000,950622600,2438196500,36.05%,NM,5/21/2025,-3.15%,-3.20%,8/20/2025,A-
XYZ,20.56,0.66351,0.56,Financials,2.91,36.05%,61.885,36105590000,614667840,6044957000,-17.62%,563.02%,5/1/2025,2.23%,5.35%,8/7/2025,D+
YUM,24.13,1.46028,1.3,Consumer Discretionary,3.17,6.66%,144.12,40429937000,277964500,12226000000,3.76%,-10.90%,4/30/2025,-0.98%,-0.43%,8/5/2025,B+
ZIM,5.26,1.43944,2.4375,Industrials,3.4,21.67%,17.51,2174258200,120457510,5878100000,-6.38%,NM,5/19/2025,-0.09%,-2.99%,8/18/2025,B+
ZM,14.12,1.37952,1.43,Information Technology,3.4,41.48%,78.6,23985975000,302547620,61477000,4.35%,23.84%,5/21/2025,-4.21%,-0.86%,8/18/2025,A-
ZS,82.38,0.75806,0.78,Information Technology,3.45,46.40%,257.18,39315600000,154724900,1239096000,28.79%,NM,3/5/2025,2.11%,1.21%,5/29/2025,A-
ZTS,26.11,1.607,1.48,Health Care,3.17,7.93%,166.52,72381920000,445208060,6779000000,-5.69%,7.32%,5/6/2025,0.72%,2.42%,8/5/2025,B
